method,items,strict_rate,mean_f1,delta_vs_sample0,improved_count,damaged_count,avg_selected_tokens,seed
fixed_2_majority_basin,500,0.666,0.1825212896237078,0.002,1,0,35.326,42
fixed_4_majority_basin,500,0.676,0.1876021820366806,0.012,10,4,35.326,42
fixed_8_majority_basin,500,0.69,0.1919900404885394,0.026,20,7,35.326,42
sample0,500,0.664,0.18177740203428225,0.0,0,0,35.326,42
