ood,probe_a,probe_b,mean_diff,ci_low,ci_high,p_value
hotpotqa,DCP_mlp@L16,SEPs_ridge@L16,0.04667480825876392,-0.0019853798025571217,0.09912847354792623,0.063
hotpotqa,DCP_mlp@L16,SEPs_logreg@L16,0.006584828747121023,-0.023422639865106534,0.03640566293230937,0.688
