ood,probe,layer,n,base_acc,auroc,aurc,sel_acc@0.25,sel_acc@0.50,sel_acc@0.75,brier,ece
nq,SEPs_ridge,16,500,0.328000009059906,0.618956881533101,0.6007124396668109,0.37599998712539673,0.41200000047683716,0.3786666691303253,,
nq,SEPs_logreg,20,500,0.328000009059906,0.6614220383275261,0.5767758627295538,0.4880000054836273,0.4320000112056732,0.3893333375453949,0.35584542729416396,0.34722143630082103
nq,DCP_mlp,20,500,0.328000009059906,0.6672927555168409,0.5688106754624831,0.5120000243186951,0.4359999895095825,0.3866666555404663,0.37439295649528503,0.36897170085273684
