method,items,strict_rate,mean_f1,mean_reward,delta_vs_sample0,improved_count,damaged_count,avg_selected_tokens
fixed_2_majority_basin,500,0.656,0.18787610708853658,0.5900502214177075,0.002,1,0,35.664
fixed_4_majority_basin,500,0.662,0.18956081310528466,0.5907996626210571,0.008,9,5,35.664
fixed_8_majority_basin,500,0.67,0.19070368337762877,0.5862282366755256,0.016,17,9,35.664
sample0,500,0.654,0.18697928004640504,0.5878458560092813,0.0,0,0,35.664
