method,items,strict_rate,mean_f1,delta_vs_sample0,improved_count,damaged_count,avg_selected_tokens,seed
fixed_2_majority_basin,500,0.672,0.18382054543116008,0.004,2,0,35.634,2026
fixed_4_majority_basin,500,0.678,0.18680918302882574,0.01,8,3,35.634,2026
fixed_8_majority_basin,500,0.676,0.18733940076615466,0.008,11,7,35.634,2026
sample0,500,0.668,0.18277455377506108,0.0,0,0,35.634,2026
