method,items,strict_rate,mean_f1,mean_reward,delta_vs_sample0,improved_count,damaged_count,avg_selected_tokens
fixed_2_majority_basin,75,0.56,0.15076833299687706,0.46200088882159784,0.0,0,0,39.266666666666666
fixed_4_majority_basin,75,0.6133333333333333,0.15393115798928717,0.507966787153413,0.05333333333333334,4,0,39.266666666666666
fixed_8_majority_basin,75,0.6,0.14759837551172372,0.47945023065790027,0.04,4,1,39.266666666666666
sample0,75,0.56,0.1507092706122333,0.46198907634466907,0.0,0,0,39.266666666666666
