method,items,strict_rate,mean_f1,delta_vs_sample0,improved_count,damaged_count,avg_selected_tokens,seed
fixed_2_majority_basin,500,0.662,0.18178772073677393,0.002,2,1,35.604,42
fixed_4_majority_basin,500,0.662,0.18435529415709856,0.002,7,6,35.604,42
fixed_8_majority_basin,500,0.664,0.1869159410926185,0.004,10,8,35.604,42
sample0,500,0.66,0.18096090810553156,0.0,0,0,35.604,42
