method,items,strict_rate,mean_f1,delta_vs_sample0,improved_count,damaged_count,avg_selected_tokens,seed
fixed_2_majority_basin,500,0.654,0.18331428362292684,0.004,2,0,35.7,2026
fixed_4_majority_basin,500,0.66,0.18692014345132424,0.01,8,3,35.7,2026
fixed_8_majority_basin,500,0.664,0.18809058792710648,0.014,15,8,35.7,2026
sample0,500,0.65,0.18206400306235584,0.0,0,0,35.7,2026
fixed_2_majority_basin,500,0.678,0.18386130363514713,0.006,3,0,35.842,42
fixed_4_majority_basin,500,0.688,0.18613488504374293,0.016,11,3,35.842,42
fixed_8_majority_basin,500,0.678,0.19025377282436837,0.006,13,10,35.842,42
sample0,500,0.672,0.18227187352827376,0.0,0,0,35.842,42
