method,items,seeds_evaluated,strict_rate_mean,strict_rate_min,strict_rate_max,mean_f1_mean,delta_vs_sample0_mean,improved_count_mean,damaged_count_mean,avg_selected_tokens_mean
fixed_2_majority_basin,500,2,0.666,0.654,0.678,0.183587793629037,0.005,2.5,0.0,35.771
fixed_4_majority_basin,500,2,0.6739999999999999,0.66,0.688,0.18652751424753358,0.013000000000000001,9.5,3.0,35.771
fixed_8_majority_basin,500,2,0.671,0.664,0.678,0.1891721803757374,0.01,14.0,9.0,35.771
sample0,500,2,0.661,0.65,0.672,0.1821679382953148,0.0,0.0,0.0,35.771
