method,items,strict_rate,mean_f1,delta_vs_sample0,improved_count,damaged_count,avg_selected_tokens,seed
fixed_2_majority_basin,500,0.668,0.1857301289370973,-0.002,0,1,35.36,2026
fixed_4_majority_basin,500,0.672,0.18766694074993992,0.002,6,5,35.36,2026
fixed_8_majority_basin,500,0.67,0.1881942445433871,0.0,12,12,35.36,2026
sample0,500,0.67,0.1854194799802335,0.0,0,0,35.36,2026
fixed_2_majority_basin,500,0.68,0.1849151788841299,0.002,1,0,35.884,42
fixed_4_majority_basin,500,0.678,0.18648331374454,0.0,4,4,35.884,42
fixed_8_majority_basin,500,0.68,0.1889397287524491,0.002,6,5,35.884,42
sample0,500,0.678,0.18407873121420823,0.0,0,0,35.884,42
