method,items,strict_rate,mean_f1,delta_vs_sample0,improved_count,damaged_count,avg_selected_tokens,seed
fixed_2_majority_basin,500,0.66,0.1832010003546913,0.0,0,0,35.146,42
fixed_4_majority_basin,500,0.68,0.18902518134914578,0.02,13,3,35.146,42
fixed_8_majority_basin,500,0.678,0.18974638372739305,0.018,16,7,35.146,42
sample0,500,0.66,0.18289232021324509,0.0,0,0,35.146,42
