seed,question_count,delta_semantic_entropy_weighted_mean,delta_token_mean_entropy_mean,delta_token_max_entropy_mean,delta_elapsed_ms_mean,delta_num_generated_tokens_mean,delta_final_semantic_correct_rate,delta_final_exact_match_rate,baseline_final_semantic_correct_rate,intervention_final_semantic_correct_rate,baseline_final_exact_match_rate,intervention_final_exact_match_rate,mean_intervention_total_events,mean_intervention_steps_with_events,semantic_improved_count,semantic_dropped_count,exact_improved_count,exact_dropped_count,answer_changed_count
42,31,0.020743661093691648,-0.0029179701394296616,0.0014837807224642847,-19.64516129032258,-0.0967741935483871,0.0,0.0,0.4838709677419355,0.4838709677419355,0.0,0.0,12.580645161290322,6.290322580645161,0,0,0,0,2
43,31,0.028520924270013487,0.0017851240432454174,0.0009363409011594711,2.5483870967741935,-0.03225806451612903,0.0,0.0,0.41935483870967744,0.41935483870967744,0.0,0.0,12.903225806451612,6.451612903225806,0,0,0,0,1
52,31,0.0357706900170116,-0.00930181185153251,-0.04148676895326184,22.580645161290324,0.4838709677419355,0.03225806451612903,0.0,0.45161290322580644,0.4838709677419355,0.0,0.0,13.548387096774194,6.774193548387097,1,0,0,0,2
