ood,probe,layer,n,base_acc,auroc,aurc,sel_acc@0.25,sel_acc@0.50,sel_acc@0.75,brier,ece
hotpotqa,SEPs_ridge,16,500,0.33000001311302185,0.6837991858887382,0.5314786510836957,0.5360000133514404,0.4440000057220459,0.3840000033378601,,
hotpotqa,SEPs_logreg,16,500,0.33000001311302185,0.7243600180913614,0.5183995745840624,0.5920000076293945,0.492000013589859,0.3840000033378601,0.2939903561918476,0.28968035255481733
hotpotqa,DCP_mlp,16,500,0.33000001311302185,0.7302487562189055,0.5158054933487258,0.6079999804496765,0.47600001096725464,0.3919999897480011,0.2659919559955597,0.26866454925667504
