method,items,strict_rate,mean_f1,mean_reward,delta_vs_sample0,improved_count,damaged_count,avg_selected_tokens
fixed_2_majority_basin,500,0.668,0.181924929993009,0.5963204026652684,0.002,1,0,35.234
fixed_4_majority_basin,500,0.668,0.186178282759679,0.5851585732186022,0.002,4,3,35.234
fixed_8_majority_basin,500,0.68,0.18942754911869616,0.5913084264904058,0.014,16,9,35.234
sample0,500,0.666,0.1807455708260949,0.5939845308318854,0.0,0,0,35.234
