method,items,strict_rate,mean_f1,mean_reward,delta_vs_sample0,improved_count,damaged_count,avg_selected_tokens
fixed_2_majority_basin,500,0.67,0.1848568980332189,0.5955026296066441,0.006,3,0,35.658
fixed_4_majority_basin,500,0.668,0.18810239480795427,0.5784892289615907,0.004,7,5,35.658
fixed_8_majority_basin,500,0.678,0.1919809930618309,0.5848649486123665,0.014,9,2,35.658
sample0,500,0.664,0.18298757390829626,0.5888662647816598,0.0,0,0,35.658
