ood,probe,layer,n,base_acc,auroc,aurc,sel_acc@0.25,sel_acc@0.50,sel_acc@0.75,brier,ece
hotpotqa,SEPs_ridge,16,500,0.32600000500679016,0.6644335621051864,0.5432731491520948,0.4959999918937683,0.4320000112056732,0.36266666650772095,,
hotpotqa,SEPs_logreg,16,500,0.32600000500679016,0.6766670914419908,0.5376670053812465,0.4880000054836273,0.4399999976158142,0.3786666691303253,0.26898623118952397,0.25511024948815314
hotpotqa,DCP_mlp,16,500,0.32600000500679016,0.6570788807777029,0.5599540357333042,0.4320000112056732,0.4359999895095825,0.3786666691303253,0.3305177390575409,0.3136698612570763
