ood,probe_a,probe_b,mean_diff,ci_low,ci_high,p_value
hotpotqa,DCP_mlp@L16,SEPs_ridge@L16,-0.007360067118997204,-0.06433503296131919,0.05168205679154466,0.803
hotpotqa,DCP_mlp@L16,SEPs_logreg@L16,-0.0197477602968863,-0.04844895623847819,0.009312498804948372,0.171
