ood,probe,layer,n,base_acc,auroc,aurc,sel_acc@0.25,sel_acc@0.50,sel_acc@0.75,brier,ece
nq,SEPs_ridge,12,500,0.47600001096725464,0.5378953107960741,0.5006146948342057,0.5120000243186951,0.5,0.4933333396911621,,
nq,SEPs_logreg,12,500,0.47600001096725464,0.6039835781640901,0.4562454426918003,0.6000000238418579,0.5559999942779541,0.5173333287239075,0.3658242798145045,0.34162341069523455
nq,DCP_mlp,24,500,0.47600001096725464,0.6126595676438513,0.4466912116189079,0.5680000185966492,0.5600000023841858,0.527999997138977,0.3842104375362396,0.37739613315183673
