method,items,strict_rate,mean_f1,mean_reward,delta_vs_sample0,improved_count,damaged_count,avg_selected_tokens
fixed_2_majority_basin,500,0.66,0.18301602296793798,0.591942787926921,-0.002,1,2,35.818
fixed_4_majority_basin,500,0.678,0.1890355658914407,0.6037216965116216,0.016,11,3,35.818
fixed_8_majority_basin,500,0.678,0.19092839473240433,0.5925627622798144,0.016,14,6,35.818
sample0,500,0.662,0.18267588048854416,0.5939497594310421,0.0,0,0,35.818
