method,items,strict_rate,mean_f1,mean_reward,delta_vs_sample0,improved_count,damaged_count,avg_selected_tokens
fixed_2_majority_basin,500,0.674,0.1867171726730233,0.608326767867938,0.0,1,1,35.524
fixed_4_majority_basin,500,0.68,0.18915609743340295,0.6058270528200145,0.006,8,5,35.524
fixed_8_majority_basin,500,0.67,0.18979377333238204,0.5848170879998108,-0.004,12,14,35.524
sample0,500,0.674,0.18605351681580756,0.608194036696495,0.0,0,0,35.524
