seed,question_count,delta_semantic_entropy_weighted_mean,delta_token_mean_entropy_mean,delta_token_max_entropy_mean,delta_elapsed_ms_mean,delta_num_generated_tokens_mean,delta_final_semantic_correct_rate,delta_final_exact_match_rate,baseline_final_semantic_correct_rate,intervention_final_semantic_correct_rate,baseline_final_exact_match_rate,intervention_final_exact_match_rate,mean_intervention_total_events,mean_intervention_steps_with_events,semantic_improved_count,semantic_dropped_count,exact_improved_count,exact_dropped_count,answer_changed_count
42,31,0.019224331483486037,-0.0030477307951753026,0.0015958259182591592,-16.612903225806452,-0.0967741935483871,0.0,0.0,0.4838709677419355,0.4838709677419355,0.0,0.0,19.612903225806452,9.806451612903226,0,0,0,0,2
43,31,0.012901559292743272,0.018777337513349382,0.08540431722517937,23.06451612903226,1.2258064516129032,0.0,0.0,0.41935483870967744,0.41935483870967744,0.0,0.0,21.806451612903224,10.903225806451612,0,0,0,0,2
52,31,0.02808036813946234,-0.012441685113095369,-0.04111031755324333,13.774193548387096,0.41935483870967744,0.03225806451612903,0.0,0.45161290322580644,0.4838709677419355,0.0,0.0,20.516129032258064,10.258064516129032,1,0,0,0,3
