method,items,strict_rate,mean_f1,mean_reward,delta_vs_sample0,improved_count,damaged_count,avg_selected_tokens
fixed_2_majority_basin,75,0.5866666666666667,0.13779078062300493,0.48618315612460106,0.013333333333333334,1,0,39.32
fixed_4_majority_basin,75,0.6,0.13861420738362593,0.49451450814339193,0.02666666666666667,3,1,39.32
fixed_8_majority_basin,75,0.6,0.1444599220265408,0.47951698440530827,0.02666666666666667,3,1,39.32
sample0,75,0.5733333333333334,0.13558393200694346,0.4720751197347221,0.0,0,0,39.32
