method,items,strict_rate,mean_f1,mean_reward,delta_vs_sample0,improved_count,damaged_count,avg_selected_tokens
fixed_2_majority_basin,500,0.658,0.18293684111634623,0.5821602848899358,0.0,1,1,35.51
fixed_4_majority_basin,500,0.66,0.18474921049321041,0.5765227587653082,0.002,4,3,35.51
fixed_8_majority_basin,500,0.676,0.18914020042601057,0.5822384567518684,0.018,14,5,35.51
sample0,500,0.658,0.18214451849196373,0.5820018203650594,0.0,0,0,35.51
