method,items,strict_rate,mean_f1,delta_vs_sample0,improved_count,damaged_count,avg_selected_tokens,seed
fixed_2_majority_basin,500,0.658,0.18145481947365533,-0.002,0,1,35.594,42
fixed_4_majority_basin,500,0.668,0.1852952613811593,0.008,7,3,35.594,42
fixed_8_majority_basin,500,0.676,0.18753804266967192,0.016,14,6,35.594,42
sample0,500,0.66,0.18092971281001255,0.0,0,0,35.594,42
