seed,question_count,delta_semantic_entropy_weighted_mean,delta_token_mean_entropy_mean,delta_token_max_entropy_mean,delta_elapsed_ms_mean,delta_num_generated_tokens_mean,delta_final_semantic_correct_rate,delta_final_exact_match_rate,baseline_final_semantic_correct_rate,intervention_final_semantic_correct_rate,baseline_final_exact_match_rate,intervention_final_exact_match_rate,mean_intervention_total_events,mean_intervention_steps_with_events,semantic_improved_count,semantic_dropped_count,exact_improved_count,exact_dropped_count,answer_changed_count
42,31,-0.03755344677652951,-0.004569521987758004,-0.07228765564580117,-21.0,-0.0967741935483871,0.0,0.0,0.4838709677419355,0.4838709677419355,0.0,0.0,7.741935483870968,3.870967741935484,0,0,0,0,3
43,31,-0.04963905456362867,0.0037095442479653648,0.002060517188041441,0.8709677419354839,0.0,0.0,0.0,0.41935483870967744,0.41935483870967744,0.0,0.0,8.193548387096774,4.096774193548387,0,0,0,0,3
52,31,0.025735183733671122,0.001975393138888021,0.0007137829257595924,4.903225806451613,0.0967741935483871,0.0,0.0,0.45161290322580644,0.45161290322580644,0.0,0.0,8.064516129032258,4.032258064516129,0,0,0,0,1
