method,items,strict_rate,mean_f1,mean_reward,delta_vs_sample0,improved_count,damaged_count,avg_selected_tokens
fixed_2_majority_basin,500,0.668,0.18525552005775023,0.5909448540115507,0.006,3,0,35.706
fixed_4_majority_basin,500,0.668,0.18852945614196606,0.5843621412283938,0.006,6,3,35.706
fixed_8_majority_basin,500,0.676,0.1914337310315446,0.5849554962063098,0.014,12,5,35.706
sample0,500,0.662,0.18390578504506475,0.5843874070090137,0.0,0,0,35.706
