method,items,strict_rate,mean_f1,delta_vs_sample0,improved_count,damaged_count,avg_selected_tokens,seed
fixed_2_majority_basin,500,0.67,0.18483541392808378,0.0,1,1,35.66,2026
fixed_4_majority_basin,500,0.678,0.18890645338992754,0.008,9,5,35.66,2026
fixed_8_majority_basin,500,0.68,0.19235982321575748,0.01,12,7,35.66,2026
sample0,500,0.67,0.18398079958458605,0.0,0,0,35.66,2026
