method,items,strict_rate,mean_f1,mean_reward,delta_vs_sample0,improved_count,damaged_count,avg_selected_tokens
fixed_2_majority_basin,75,0.5733333333333334,0.14342255778575907,0.44862895600159636,0.0,0,0,39.093333333333334
fixed_4_majority_basin,75,0.5733333333333334,0.14211153930560141,0.44336675230556477,0.0,1,1,39.093333333333334
fixed_8_majority_basin,75,0.6,0.14389920640843157,0.46980761905946444,0.02666666666666667,3,1,39.093333333333334
sample0,75,0.5733333333333334,0.14386703686853605,0.4487178518181517,0.0,0,0,39.093333333333334
