method,items,strict_rate,mean_f1,mean_reward,delta_vs_sample0,improved_count,damaged_count,avg_selected_tokens
fixed_2_majority_basin,500,0.662,0.18292094903373962,0.5868508564734145,0.002,2,1,35.792
fixed_4_majority_basin,500,0.668,0.18623838160482742,0.5874268429876325,0.008,6,2,35.792
fixed_8_majority_basin,500,0.676,0.19171320165863756,0.5893593069983941,0.016,11,3,35.792
sample0,500,0.66,0.18273566510181088,0.584663799687029,0.0,0,0,35.792
