ood,probe_a,probe_b,mean_diff,ci_low,ci_high,p_value
hotpotqa,DCP_mlp@L64,SEPs_ridge@L56,0.1817088541739441,0.12246081655180993,0.24240086346945583,0.0
hotpotqa,DCP_mlp@L64,SEPs_logreg@L56,-0.0194975014693556,-0.051080494644352464,0.012152148907088602,0.221
