ood,probe,layer,n,base_acc,auroc,aurc,sel_acc@0.25,sel_acc@0.50,sel_acc@0.75,brier,ece
hotpotqa,SEPs_ridge,56,500,0.44999998807907104,0.5892363636363637,0.4870683879230492,0.5519999861717224,0.5239999890327454,0.47999998927116394,,
hotpotqa,SEPs_logreg,56,500,0.44999998807907104,0.7909979797979798,0.34591693563878667,0.7519999742507935,0.6639999747276306,0.5546666383743286,0.23768412974568207,0.21843595082009784
hotpotqa,DCP_mlp,64,500,0.44999998807907104,0.7714666666666666,0.3546913897425471,0.7680000066757202,0.6600000262260437,0.54666668176651,0.2582617998123169,0.25354624012112614
