{
  "selection_label": "split:test[0:31]",
  "method_summary": [
    {
      "method": "best_of_n_logprob",
      "pairs": 93,
      "strict_correct_rate": 0.4946236559139785,
      "semantic_correct_rate": 0.5483870967741935,
      "nli_only_correct_rate": 0.053763440860215055,
      "answer_changed_vs_sample0_rate": 0.34408602150537637,
      "delta_strict_correct_vs_sample0": 0.07526881720430108,
      "delta_semantic_correct_vs_sample0": 0.0967741935483871,
      "token_mean_entropy_mean": 0.1919324683504421,
      "token_mean_entropy_std": 0.13699999634744384,
      "token_max_entropy_mean": 1.6871501224876573,
      "token_count_mean": 20.978494623655912,
      "selected_cluster_size_mean": 6.225806451612903
    },
    {
      "method": "cluster_then_low_entropy",
      "pairs": 93,
      "strict_correct_rate": 0.4731182795698925,
      "semantic_correct_rate": 0.5376344086021505,
      "nli_only_correct_rate": 0.06451612903225806,
      "answer_changed_vs_sample0_rate": 0.3655913978494624,
      "delta_strict_correct_vs_sample0": 0.053763440860215055,
      "delta_semantic_correct_vs_sample0": 0.08602150537634409,
      "token_mean_entropy_mean": 0.18458721521330376,
      "token_mean_entropy_std": 0.13392723369470125,
      "token_max_entropy_mean": 1.6385512779697136,
      "token_count_mean": 21.612903225806452,
      "selected_cluster_size_mean": 6.376344086021505
    },
    {
      "method": "low_token_mean_entropy",
      "pairs": 93,
      "strict_correct_rate": 0.45161290322580644,
      "semantic_correct_rate": 0.5053763440860215,
      "nli_only_correct_rate": 0.053763440860215055,
      "answer_changed_vs_sample0_rate": 0.3870967741935484,
      "delta_strict_correct_vs_sample0": 0.03225806451612903,
      "delta_semantic_correct_vs_sample0": 0.053763440860215055,
      "token_mean_entropy_mean": 0.17182296176537,
      "token_mean_entropy_std": 0.11651851321005507,
      "token_max_entropy_mean": 1.5210248044321453,
      "token_count_mean": 20.516129032258064,
      "selected_cluster_size_mean": 6.075268817204301
    },
    {
      "method": "random_of_n",
      "pairs": 93,
      "strict_correct_rate": 0.41935483870967744,
      "semantic_correct_rate": 0.4731182795698925,
      "nli_only_correct_rate": 0.053763440860215055,
      "answer_changed_vs_sample0_rate": 0.3978494623655914,
      "delta_strict_correct_vs_sample0": 0.0,
      "delta_semantic_correct_vs_sample0": 0.021505376344086023,
      "token_mean_entropy_mean": 0.22896120258138491,
      "token_mean_entropy_std": 0.198432043866755,
      "token_max_entropy_mean": 1.926861111024615,
      "token_count_mean": 23.129032258064516,
      "selected_cluster_size_mean": 5.967741935483871
    },
    {
      "method": "semantic_cluster_majority",
      "pairs": 93,
      "strict_correct_rate": 0.4731182795698925,
      "semantic_correct_rate": 0.5376344086021505,
      "nli_only_correct_rate": 0.06451612903225806,
      "answer_changed_vs_sample0_rate": 0.3655913978494624,
      "delta_strict_correct_vs_sample0": 0.053763440860215055,
      "delta_semantic_correct_vs_sample0": 0.08602150537634409,
      "token_mean_entropy_mean": 0.1934493924308311,
      "token_mean_entropy_std": 0.14114309620281348,
      "token_max_entropy_mean": 1.6701242313169504,
      "token_count_mean": 21.763440860215052,
      "selected_cluster_size_mean": 6.376344086021505
    },
    {
      "method": "single_sample_baseline",
      "pairs": 93,
      "strict_correct_rate": 0.41935483870967744,
      "semantic_correct_rate": 0.45161290322580644,
      "nli_only_correct_rate": 0.03225806451612903,
      "answer_changed_vs_sample0_rate": 0.0,
      "delta_strict_correct_vs_sample0": 0.0,
      "delta_semantic_correct_vs_sample0": 0.0,
      "token_mean_entropy_mean": 0.23516977291462685,
      "token_mean_entropy_std": 0.20156929232608745,
      "token_max_entropy_mean": 1.929113271886543,
      "token_count_mean": 22.225806451612904,
      "selected_cluster_size_mean": 5.946236559139785
    }
  ],
  "row_count": 558,
  "sample_set_count": 93
}