method,items,strict_rate,mean_f1,mean_reward,delta_vs_sample0,improved_count,damaged_count,avg_selected_tokens
fixed_2_majority_basin,500,0.658,0.18280234323416242,0.5828063019801654,0.002,2,1,35.512
fixed_4_majority_basin,500,0.66,0.18466201891213427,0.5774782371157601,0.004,6,4,35.512
fixed_8_majority_basin,500,0.674,0.18946663934715735,0.5880141612027652,0.018,14,5,35.512
sample0,500,0.656,0.18190805274032476,0.5805274438813978,0.0,0,0,35.512
