seed,question_count,delta_semantic_entropy_weighted_mean,delta_token_mean_entropy_mean,delta_token_max_entropy_mean,delta_elapsed_ms_mean,delta_num_generated_tokens_mean,delta_final_semantic_correct_rate,delta_final_exact_match_rate,baseline_final_semantic_correct_rate,intervention_final_semantic_correct_rate,baseline_final_exact_match_rate,intervention_final_exact_match_rate,mean_intervention_total_events,mean_intervention_steps_with_events,semantic_improved_count,semantic_dropped_count,exact_improved_count,exact_dropped_count,answer_changed_count
42,31,0.027942881260775113,-0.0029145518889452963,0.0011239224864590552,-11.903225806451612,-0.0967741935483871,0.0,0.0,0.4838709677419355,0.4838709677419355,0.0,0.0,7.741935483870968,3.870967741935484,0,0,0,0,2
43,31,0.0357428756098037,0.001813297214826217,0.0005764826651542417,12.612903225806452,-0.03225806451612903,0.0,0.0,0.41935483870967744,0.41935483870967744,0.0,0.0,7.612903225806452,3.806451612903226,0,0,0,0,1
52,31,0.03577398504748273,-0.0069613202803680265,-0.04681153258969707,2.7419354838709675,-0.12903225806451613,0.0,0.0,0.45161290322580644,0.45161290322580644,0.0,0.0,7.870967741935484,3.935483870967742,0,0,0,0,1
