method,items,strict_rate,mean_f1,mean_reward,delta_vs_sample0,improved_count,damaged_count,avg_selected_tokens
fixed_2_majority_basin,75,0.64,0.15533458649982074,0.5350391395221866,0.0,0,0,38.74666666666667
fixed_4_majority_basin,75,0.6266666666666667,0.15431627576943568,0.5047521440427762,-0.013333333333333334,1,2,38.74666666666667
fixed_8_majority_basin,75,0.6266666666666667,0.15411325266837847,0.5018782060892314,-0.013333333333333334,1,2,38.74666666666667
sample0,75,0.64,0.15456400302622436,0.5348850228274673,0.0,0,0,38.74666666666667
