seed,question_count,delta_semantic_entropy_weighted_mean,delta_token_mean_entropy_mean,delta_token_max_entropy_mean,delta_elapsed_ms_mean,delta_num_generated_tokens_mean,delta_final_semantic_correct_rate,delta_final_exact_match_rate,baseline_final_semantic_correct_rate,intervention_final_semantic_correct_rate,baseline_final_exact_match_rate,intervention_final_exact_match_rate,mean_intervention_total_events,mean_intervention_steps_with_events,semantic_improved_count,semantic_dropped_count,exact_improved_count,exact_dropped_count,answer_changed_count
42,31,-0.03730415609259586,-0.004587690605605567,-0.0723524324355587,-16.548387096774192,-0.0967741935483871,0.0,0.0,0.4838709677419355,0.4838709677419355,0.0,0.0,12.516129032258064,6.258064516129032,0,0,0,0,3
43,31,-0.05964759815529457,0.0037087431999670065,0.0019957403982839277,5.935483870967742,0.0,0.0,0.0,0.41935483870967744,0.41935483870967744,0.0,0.0,13.741935483870968,6.870967741935484,0,0,0,0,3
52,31,0.0257300115280931,0.002009449961329966,0.0006490061360020791,6.741935483870968,0.0967741935483871,0.0,0.0,0.45161290322580644,0.45161290322580644,0.0,0.0,13.35483870967742,6.67741935483871,0,0,0,0,1
53,31,0.01668081282034714,-0.009207459720544387,-0.048287072489338535,28.129032258064516,0.5161290322580645,-0.03225806451612903,0.0,0.4838709677419355,0.45161290322580644,0.0,0.0,12.580645161290322,6.290322580645161,0,1,0,0,4
54,31,0.01570721118392943,0.00011532417590164471,0.00038043914302702875,-12.387096774193548,0.0,0.0,0.0,0.5483870967741935,0.5483870967741935,0.0,0.0,15.612903225806452,7.806451612903226,0,0,0,0,0
