seed,question_count,delta_semantic_entropy_weighted_mean,delta_token_mean_entropy_mean,delta_token_max_entropy_mean,delta_elapsed_ms_mean,delta_num_generated_tokens_mean,delta_final_semantic_correct_rate,delta_final_exact_match_rate,baseline_final_semantic_correct_rate,intervention_final_semantic_correct_rate,baseline_final_exact_match_rate,intervention_final_exact_match_rate,mean_intervention_total_events,mean_intervention_steps_with_events,semantic_improved_count,semantic_dropped_count,exact_improved_count,exact_dropped_count,answer_changed_count
42,31,-0.03720015318641932,-0.0044860383345786126,-0.07292846902724236,-16.419354838709676,-0.0967741935483871,0.0,0.0,0.4838709677419355,0.4838709677419355,0.0,0.0,19.548387096774192,9.774193548387096,0,0,0,0,3
43,31,-0.04122300032146318,0.015985915243929977,0.08577563493482528,27.193548387096776,1.5161290322580645,0.0,0.0,0.41935483870967744,0.41935483870967744,0.0,0.0,22.903225806451612,11.451612903225806,0,0,0,0,4
52,31,0.025960552922577557,0.0020941577550877,0.0002301412243996897,8.0,0.0967741935483871,0.0,0.0,0.45161290322580644,0.45161290322580644,0.0,0.0,20.451612903225808,10.225806451612904,0,0,0,0,1
