method,items,strict_rate,mean_f1,mean_reward,delta_vs_sample0,improved_count,damaged_count,avg_selected_tokens
fixed_2_majority_basin,500,0.654,0.18130315302102662,0.5805772972708724,0.004,2,0,36.008
fixed_4_majority_basin,500,0.662,0.18539933628600383,0.5845090339238677,0.012,11,5,36.008
fixed_8_majority_basin,500,0.666,0.18744071912555108,0.577779810491777,0.016,16,8,36.008
sample0,500,0.65,0.1803391473040796,0.576184496127483,0.0,0,0,36.008
