seed,question_count,delta_semantic_entropy_weighted_mean,delta_token_mean_entropy_mean,delta_token_max_entropy_mean,delta_elapsed_ms_mean,delta_num_generated_tokens_mean,delta_final_semantic_correct_rate,delta_final_exact_match_rate,baseline_final_semantic_correct_rate,intervention_final_semantic_correct_rate,baseline_final_exact_match_rate,intervention_final_exact_match_rate,mean_intervention_total_events,mean_intervention_steps_with_events,semantic_improved_count,semantic_dropped_count,exact_improved_count,exact_dropped_count,answer_changed_count
42,31,-0.01429963261469793,-0.008882864634246462,-0.07255528960376978,-12.548387096774194,-0.22580645161290322,0.0,0.0,0.4838709677419355,0.4838709677419355,0.0,0.0,43.483870967741936,21.741935483870968,0,0,0,0,3
43,31,-0.03515533197769686,0.016090393732426246,0.08540741333197202,35.12903225806452,1.5161290322580645,0.0,0.0,0.41935483870967744,0.41935483870967744,0.0,0.0,48.45161290322581,24.225806451612904,0,0,0,0,4
52,31,0.025503672364414712,0.0021940393370936556,0.001284290255317765,24.129032258064516,0.0967741935483871,0.0,0.0,0.45161290322580644,0.45161290322580644,0.0,0.0,44.193548387096776,22.096774193548388,0,0,0,0,1
