method,items,strict_rate,mean_f1,mean_reward,delta_vs_sample0,improved_count,damaged_count,avg_selected_tokens
fixed_2_majority_basin,500,0.668,0.18081928606561348,0.5958326072131235,-0.002,0,1,35.754
fixed_4_majority_basin,500,0.66,0.18417503478186736,0.5814287569563743,-0.01,1,6,35.754
fixed_8_majority_basin,500,0.662,0.1888022782739273,0.5744417056547861,-0.008,5,9,35.754
sample0,500,0.67,0.18052454709000726,0.597811159418002,0.0,0,0,35.754
