method,items,strict_rate,mean_f1,delta_vs_sample0,improved_count,damaged_count,avg_selected_tokens,seed
fixed_2_majority_basin,500,0.668,0.1822131375476804,0.008,4,0,35.494,2026
fixed_4_majority_basin,500,0.668,0.1842504491343471,0.008,7,3,35.494,2026
fixed_8_majority_basin,500,0.662,0.1879094462696104,0.002,10,9,35.494,2026
sample0,500,0.66,0.18049435816615664,0.0,0,0,35.494,2026
