method,items,strict_rate,mean_f1,mean_reward,delta_vs_sample0,improved_count,damaged_count,avg_selected_tokens
fixed_2_majority_basin,75,0.5466666666666666,0.1394536457855681,0.42059906249044693,0.0,0,0,39.0
fixed_4_majority_basin,75,0.5466666666666666,0.1412963593803172,0.41271760520939665,0.0,0,0,39.0
fixed_8_majority_basin,75,0.5733333333333334,0.15437388575761227,0.43708311048485576,0.02666666666666667,3,1,39.0
sample0,75,0.5466666666666666,0.1394536457855681,0.42059906249044693,0.0,0,0,39.0
