seed,question_count,delta_semantic_entropy_weighted_mean,delta_token_mean_entropy_mean,delta_token_max_entropy_mean,delta_elapsed_ms_mean,delta_num_generated_tokens_mean,delta_final_semantic_correct_rate,delta_final_exact_match_rate,baseline_final_semantic_correct_rate,intervention_final_semantic_correct_rate,baseline_final_exact_match_rate,intervention_final_exact_match_rate,mean_intervention_total_events,mean_intervention_steps_with_events,semantic_improved_count,semantic_dropped_count,exact_improved_count,exact_dropped_count,answer_changed_count
42,31,0.05479342698384994,-0.007122108929254758,0.031484928643030506,-9.258064516129032,-0.22580645161290322,0.0,0.0,0.4838709677419355,0.4838709677419355,0.0,0.0,43.483870967741936,21.741935483870968,0,0,0,0,3
43,31,0.05767285796113837,0.011464330579063658,0.059799849806774046,42.645161290322584,1.7096774193548387,0.0,0.0,0.41935483870967744,0.41935483870967744,0.0,0.0,48.83870967741935,24.419354838709676,0,0,0,0,3
52,31,0.042073855491092195,-0.01017586235911807,-0.01884312609270696,17.806451612903224,0.3548387096774194,0.03225806451612903,0.0,0.45161290322580644,0.4838709677419355,0.0,0.0,44.70967741935484,22.35483870967742,1,0,0,0,4
